id,tittle,content
21,['PhÃ¢n tÃ­ch ká»¹ thuáº­t phiÃªn chiá»u 10/08: VN-Index váº«n bÃ¡m sÃ¡t Ä‘Æ°á»ng Upper Band'],"['Trong phiÃªn giao dá»‹ch buá»•i sÃ¡ng ngÃ y 10/08/2021, VN-Index tiáº¿p tá»¥c duy trÃ¬ Ä‘Ã  tÄƒng vÃ  bÃ¡m sÃ¡t vÃ o Ä‘Æ°á»ng Upper Band. Dáº£i Bollinger Bands tiáº¿p tá»¥c má»Ÿ rá»™ng chá»©ng tá» tÃ¬nh hÃ¬nh cá»§a chá»‰ sá»‘ Ä‘ang ráº¥t kháº£ quan.\nTÃ­n hiá»‡u ká»¹ thuáº­t cá»§a VN-Index\nTrong phiÃªn giao dá»‹ch buá»•i sÃ¡ng ngÃ y 10/08/2021, VN-Index tiáº¿p tá»¥c duy trÃ¬ Ä‘Ã  tÄƒng vÃ  bÃ¡m sÃ¡t vÃ o Ä‘Æ°á»ng Upper Band. Dáº£i Bollinger Bands tiáº¿p tá»¥c má»Ÿ rá»™ng chá»©ng tá» tÃ¬nh hÃ¬nh cá»§a chá»‰ sá»‘ Ä‘ang ráº¥t kháº£ quan.\nChá»‰ bÃ¡o MACD Ä‘Ã£ vÆ°á»£t lÃªn trÃªn ngÆ°á»¡ng 0. Chá»‰ bÃ¡o Relative Strength Index cÅ©ng Ä‘Ã£ vÆ°á»£t lÃªn trÃªn trendline tÄƒng tá»« thÃ¡ng 03/2021. BÃªn cáº¡nh Ä‘Ã³, khá»‘i lÆ°á»£ng giao dá»‹ch liÃªn tá»¥c duy trÃ¬ trÃªn má»©c trung bÃ¬nh 20 phiÃªn chá»©ng tá» dÃ²ng tiá»n Ä‘ang khÃ¡ á»•n Ä‘á»‹nh.\nNáº¿u Ä‘Ã  tÄƒng váº«n Ä‘Æ°á»£c duy trÃ¬ trong thá»i gian tá»›i thÃ¬ nhiá»u kháº£ nÄƒng chá»‰ sá»‘ sáº½ test láº¡i ngÆ°á»¡ng Fibonacci Projection 38.2% (tÆ°Æ¡ng Ä‘Æ°Æ¡ng vÃ¹ng 1,380-1,400 Ä‘iá»ƒm). NgÆ°á»£c láº¡i, Ä‘Æ°á»ng SMA 50 ngÃ y lÃ  há»— trá»£ gáº§n nháº¥t náº¿u tráº¡ng thÃ¡i Ä‘iá»u chá»‰nh xuáº¥t hiá»‡n trá»Ÿ láº¡i.\nTÃ­n hiá»‡u ká»¹ thuáº­t cá»§a HNX-Index\nTrong phiÃªn giao dá»‹ch sÃ¡ng ngÃ y 10/08/2021, HNX-Index tiáº¿p tá»¥c tÄƒng Ä‘iá»ƒm vÃ  Ä‘Ã£ vÆ°á»£t vÃ¹ng Ä‘á»‰nh cÅ© thÃ¡ng 07/2021 (tÆ°Æ¡ng Ä‘Æ°Æ¡ng vÃ¹ng 320-330 Ä‘iá»ƒm).  \nTheo nguyÃªn lÃ½ Ä‘á»‘i xá»©ng trong phÃ¢n tÃ­ch ká»¹ thuáº­t, má»¥c tiÃªu tiáº¿p theo cá»§a HNX-Index lÃ  vÃ¹ng 360-370 Ä‘iá»ƒm. Chá»‰ bÃ¡o MACD vÃ  chá»‰ bÃ¡o Relative Strength Index duy trÃ¬ tráº¡ng thÃ¡i tÃ­ch cá»±c. TÃ­n hiá»‡u nÃ y Ä‘ang cá»§ng cá»‘ hÆ¡n cho Ä‘Ã  tÄƒng cá»§a chá»‰ sá»‘.\nKhá»‘i lÆ°á»£ng giao dá»‹ch Ä‘ang Ä‘Æ°á»£c cáº£i thiá»‡n (lá»›n hÆ¡n 50% phiÃªn trÆ°á»›c). Äiá»u nÃ y cho tháº¥y dÃ²ng tiá»n cá»§a chá»‰ sá»‘ Ä‘ang dá»“i dÃ o.\nAAA - CTCP Nhá»±a An PhÃ¡t Xanh\nTrong phiÃªn giao dá»‹ch sÃ¡ng ngÃ y 10/08/2021, cá»• phiáº¿u AAA tiáº¿p tá»¥c tÄƒng giÃ¡ sau khi vÆ°á»£t láº§n lÆ°á»£t Ä‘Æ°á»ng SMA 100 ngÃ y vÃ  SMA 50 ngÃ y. Náº¿u Ä‘Ã  tÄƒng nÃ y Ä‘Æ°á»£c duy trÃ¬ thÃ¬ AAA sáº½ cÃ³ cÆ¡ há»™i hÆ°á»›ng tá»›i test vÃ¹ng Ä‘á»‰nh thÃ¡ng 06/2021 (tÆ°Æ¡ng Ä‘Æ°Æ¡ng vÃ¹ng 20,000-20,500)\nChá»‰ bÃ¡o MACD vÃ  chá»‰ bÃ¡o Stochastic Oscillator váº«n Ä‘ang tÄƒng sau khi cho tÃ­n hiá»‡u mua má»›i trÆ°á»›c Ä‘Ã³. Äiá»u nÃ y thá»ƒ hiá»‡n Ä‘Ã  tÄƒng cá»§a cá»• phiáº¿u Ä‘ang Ä‘Æ°á»£c cá»§ng cá»‘.\nVÃ¹ng 14,500-15,500 (tÆ°Æ¡ng Ä‘Æ°Æ¡ng Ä‘Ã¡y cÅ© thÃ¡ng 05/2021) sáº½ má»™t láº§n ná»¯a lÃ  há»— trá»£ máº¡nh cá»§a AAA trong trÆ°á»ng há»£p cá»• phiáº¿u Ä‘iá»u chá»‰nh máº¡nh rÆ¡i khá»i Ä‘Æ°á»ng SMA 50 ngÃ y vÃ  Ä‘Æ°á»ng SMA 100 ngÃ y. CÃ¹ng vá»›i Ä‘Ã³, Ä‘Æ°á»ng SMA 200 ngÃ y cÅ©ng Ä‘ang hiá»‡n diá»‡n táº¡i Ä‘Ã¢y nÃªn Ä‘á»™ tin cáº­y lÃ  khÃ¡ cao.\nMBB - NgÃ¢n hÃ ng TMCP QuÃ¢n Äá»™i\nGiÃ¡ cá»• phiáº¿u Ä‘ang xuáº¥t hiá»‡n giáº±ng co trong nhá»¯ng phiÃªn gáº§n Ä‘Ã¢y quanh Ä‘Æ°á»ng SMA 50 ngÃ y. BÃªn cáº¡nh Ä‘Ã³, khá»‘i lÆ°á»£ng giao dá»‹ch cÅ©ng duy trÃ¬ dÆ°á»›i má»©c trung bÃ¬nh 20 phiÃªn gáº§n nháº¥t thá»ƒ hiá»‡n tÃ¢m lÃ½ nhÃ  Ä‘áº§u tÆ° váº«n Ä‘ang khÃ¡ tháº­n trá»ng.\nChá»‰ bÃ¡o MACD Ä‘Ã£ vÆ°á»£t lÃªn trÃªn má»©c 0 sau khi cho tÃ­n hiá»‡u mua. Chá»‰ bÃ¡o Relative Strength Index váº«n Ä‘ang test láº¡i trendline giáº£m ngáº¯n háº¡n (báº¯t Ä‘áº§u tá»« hÃ¡ng 06/2021). Náº¿u vÆ°á»£t lÃªn trÃªn Ä‘Æ°á»ng nÃ y thÃ¬ tÃ¬nh hÃ¬nh cá»§a MBB sáº½ kháº£ quan hÆ¡n.\nNáº¿u vÆ°á»£t hoÃ n toÃ n Ä‘Æ°á»ng SMA 50 ngÃ y thÃ¬ giÃ¡ cá»• phiáº¿u MBB cÃ³ thá»ƒ tiáº¿n lÃªn ngÆ°á»¡ng Fibonacci Retracement 261.8% (tÆ°Æ¡ng Ä‘Æ°Æ¡ng vÃ¹ng 33,000-34,000).\nBá»™ pháº­n PhÃ¢n tÃ­ch Ká»¹ thuáº­t, PhÃ²ng TÆ° váº¥n Vietstock\nFILI']"
22,['HQ Investment Group hoÃ n táº¥t thoÃ¡i sáº¡ch vá»‘n táº¡i TCO'],"['NgÃ y 04/08/2021, CTCP HQ Investment Group Ä‘Ã£ bÃ¡n sáº¡ch gáº§n 1.9 triá»‡u cp TCO cá»§a CTCP Váº­n táº£i Ä‘a phÆ°Æ¡ng thá»©c DuyÃªn Háº£i (HOSE: TCO).\nSau giao dá»‹ch, Ä‘Æ¡n vá»‹ nÃ y khÃ´ng cÃ²n náº¯m giá»¯ cá»• phiáº¿u TCO nÃ o (trÆ°á»›c Ä‘Ã³ sá»Ÿ há»¯u 11.16%). Vá»›i thá»‹ giÃ¡ 20,800 Ä‘á»“ng/cp (04/08), Æ°á»›c tÃ­nh HQ Investment Group Ä‘Ã£ thu vá» gáº§n 39 tá»· Ä‘á»“ng.\ná» chiá»u ngÆ°á»£c láº¡i, cÃ¹ng thá»i gian, Ã´ng Nguyá»…n Duy Dinh - cá»• Ä‘Ã´ng lá»›n TCO Ä‘Ã£ mua hÆ¡n 1.9 triá»‡u cp TCO. Qua Ä‘Ã³, nÃ¢ng sá»Ÿ há»¯u táº¡i TCO tá»« 12.42% (hÆ¡n 2 triá»‡u cp) lÃªn 23.89% (gáº§n 4 triá»‡u cp).\nVá» tÃ¬nh hÃ¬nh kinh doanh, káº¿t thÃºc quÃ½ 2, TCO ghi nháº­n doanh thu thuáº§n há»£p nháº¥t gáº§n 41 tá»· Ä‘á»“ng, tÄƒng 5% so vá»›i cÃ¹ng ká»³ vÃ  lÃ£i rÃ²ng hÆ¡n 57 tá»· Ä‘á»“ng, gáº¥p 14 láº§n cÃ¹ng ká»³. Theo giáº£i trÃ¬nh cá»§a TCO, nguyÃªn nhÃ¢n lÃ  do trong 6 thÃ¡ng Ä‘áº§u nÄƒm, CÃ´ng ty máº¹ thá»±c hiá»‡n chuyá»ƒn nhÆ°á»£ng vá»‘n sá»Ÿ há»¯u táº¡i cÃ¡c CÃ´ng ty con giÃºp TCO ghi nháº­n lÃ£i doanh thu tÃ i chÃ­nh. BÃªn cáº¡nh Ä‘Ã³, CÃ´ng ty Ä‘Ã£ Ä‘iá»u tiáº¿t, kiá»ƒm soÃ¡t Ä‘Æ°á»£c chi phÃ­ quáº£n lÃ½ doanh nghiá»‡p vÃ  thu Ä‘Æ°á»£c lá»£i nhuáº­n khÃ¡c tá»« viá»‡c CÃ´ng ty máº¹ vÃ  CÃ´ng ty con (CÃ´ng ty TNHH Váº­n táº£i ÄÆ°á»ng bá»™ DuyÃªn Háº£i) bÃ¡n phÆ°Æ¡ng tiá»‡n váº­n táº£i).\n* LiÃªn tá»¥c thoÃ¡i vá»‘n, bÃ  LÃª Há»“ng Ngá»c khÃ´ng cÃ²n lÃ  cá»• Ä‘Ã´ng lá»›n táº¡i TCO\nMinh Há»“ng\nFILI']"
23,['NgÆ°á»i nhÃ  ThÃ nh viÃªn HÄQT TID Ä‘Äƒng kÃ½ bÃ¡n 4 triá»‡u cp'],"['Ã”ng QuÃ¡ch VÄƒn Äá»©c - cha Ã´ng QuÃ¡ch Trá»ng NguyÃªn - ThÃ nh viÃªn HÄQT CTCP Tá»•ng CÃ´ng ty TÃ­n NghÄ©a (UPCoM: TID) Ä‘Ã£ Ä‘Äƒng kÃ½ bÃ¡n 4 triá»‡u cp TID tá»« ngÃ y 11/08-08/09.\nHiá»‡n, Ã´ng Äá»©c Ä‘ang sá»Ÿ há»¯u hÆ¡n 8.8 triá»‡u cp (4.41%). Náº¿u giao dá»‹ch diá»…n ra thÃ nh cÃ´ng, Ã´ng sáº½ chá»‰ cÃ²n sá»Ÿ há»¯u hÆ¡n 4.8 triá»‡u cp, tÆ°Æ¡ng Ä‘Æ°Æ¡ng tá»· lá»‡ 2.4%.\nCon trai Ã´ng Äá»©c lÃ  Ã´ng QuÃ¡ch Trá»ng NguyÃªn cÅ©ng Ä‘ang lÃ  cá»• Ä‘Ã´ng CÃ´ng ty Ä‘ang náº¯m giá»¯ 18,211 cp (0.01%).\nVá» diá»…n biáº¿n giÃ¡ cá»• phiáº¿u trÃªn thá»‹ trÆ°á»ng thÃ¬ sau khi ngáº¯t Ä‘Ã  â€œlao dá»‘câ€ tá»« Ä‘á»‰nh lá»‹ch sá»­, giÃ¡ cá»• phiáº¿u TID tá»« thÃ¡ng 6/2021 Ä‘áº¿n nay Ä‘ang dao Ä‘á»™ng quanh má»‘c 29,000 Ä‘á»“ng/cp vÃ  chÆ°a cÃ³ dáº¥u hiá»‡u biáº¿n Ä‘á»™ng máº¡nh. Thanh khoáº£n giao dá»‹ch cÅ©ng á»Ÿ má»©c trung bÃ¬nh khi Ä‘áº¡t bÃ¬nh quÃ¢n 116,923 cp/phiÃªn.\nDiá»…n biáº¿n giÃ¡ cá»• phiáº¿u TID tá»« Ä‘áº§u nÄƒm 2021 Ä‘áº¿n nay. Ävt: Tá»· Ä‘á»“ng\nNguá»“n: VietstockFinance\nTrong quÃ½ 2/2021, doanh thu thuáº§n cá»§a TID ghi nháº­n gáº§n 1,875 tá»· Ä‘á»“ng, giáº£m 3% so vá»›i cÃ¹ng ká»³ nÄƒm trÆ°á»›c. Tuy doanh thu thuáº§n giáº£m nháº¹ nhÆ°ng do chi phÃ­ thuáº¿ TNDN hoÃ£n tÄƒng Ä‘á»™t biáº¿n, TID lá»— rÃ²ng 4.5 tá»· Ä‘á»“ng. Tuy nhiÃªn, lÅ©y káº¿ 6 thÃ¡ng Ä‘áº§u nÄƒm, CÃ´ng ty váº«n lÃ£i rÃ²ng hÆ¡n 33 tá»· Ä‘á»“ng, (cÃ¹ng ká»³ lá»— rÃ²ng gáº§n 32 tá»· Ä‘á»“ng).\nThÆ°á»£ng Ngá»c\nFILI']"
24,['NgaÌ€y 10/08/2021: 10 cá»• phiáº¿u â€œnÃ³ngâ€ dÆ°á»›i gÃ³c nhÃ¬n PTKT cá»§a Vietstock'],"['CÃ¡c cá»• phiáº¿u â€œnÃ³ngâ€ Ä‘Æ°á»£c phÃ¢n tÃ­ch trong bÃ¡o cÃ¡o cá»§a PhÃ²ng TÆ° váº¥n Vietstock gá»“m: CTD, DPM, DIG, FCN, NVL, PNJ, STB, SHB, TPB vÃ  VIC.\nKhÃ³a há»c Online\nPHÃ‚N TÃCH Ká»¸ THUáº¬T NÃ‚NG CAO\n ğŸ’¡ Khai giáº£ng: 16/8/2021\n ğŸ’¡ Æ¯u Ä‘Ã£i lÃªn Ä‘áº¿n: 50%++          \nHotline: 0908 16 98 98\nğŸ‘‰ ÄÄ‚NG KÃ NGAY\nCÃ¡c cá»• phiáº¿u nÃ y Ä‘Æ°á»£c chá»n lá»c theo cÃ¡c tÃ­n hiá»‡u phÃ¢n tÃ­ch ká»¹ thuáº­t, thanh khoáº£n, má»©c Ä‘á»™ quan tÃ¢m cá»§a nhÃ  Ä‘áº§u tÆ°... CÃ¡c phÃ¢n tÃ­ch dÆ°á»›i Ä‘Ã¢y cÃ³ thá»ƒ phá»¥c vá»¥ cho má»¥c Ä‘Ã­ch tham kháº£o trong ngáº¯n háº¡n cÅ©ng nhÆ° dÃ i háº¡n.\nCTD - CTCP XÃ¢y dá»±ng Coteccons\nCÃ¢y náº¿n High Wave Candle xuáº¥t hiá»‡n cho tháº¥y nhÃ  Ä‘áº§u tÆ° Ä‘ang phÃ¢n vÃ¢n trong ngáº¯n háº¡n. Tuy nhiÃªn, giÃ¡ cá»• phiáº¿u CTD Ä‘Ã£ phÃ¡ vá»¡ hoÃ n toÃ n hai Ä‘Æ°á»ng SMA 50 ngÃ y vÃ  SMA 100 ngÃ y nÃªn rá»§i ro khÃ´ng quÃ¡ lá»›n.\nChá»‰ bÃ¡o MACD Ä‘Ã£ cho tÃ­n hiá»‡u mua trá»Ÿ láº¡i vÃ  vÆ°á»£t ngÆ°á»¡ng 0 nÃªn triá»ƒn vá»ng ngáº¯n háº¡n cá»§a CTD khÃ¡ tÃ­ch cá»±c.\nKhá»‘i lÆ°á»£ng giao dá»‹ch thÆ°á»ng xuyÃªn náº±m trÃªn má»©c trung bÃ¬nh 20 phiÃªn chá»©ng tá» dÃ²ng tiá»n Ä‘ang quay trá»Ÿ láº¡i cá»• phiáº¿u nÃ y.\nDPM - Tá»•ng CÃ´ng ty PhÃ¢n bÃ³n vÃ  HÃ³a cháº¥t Dáº§u khÃ­ - CTCP\nTrong Ä‘á»£t bá»©t phÃ¡ gáº§n Ä‘Ã¢y, giÃ¡ cá»• phiáº¿u DPM Ä‘Ã£ vÆ°á»£t Ä‘á»‰nh cÅ© nÄƒm 2007 vÃ  vÆ°Æ¡n lÃªn má»©c cao nháº¥t trong lá»‹ch sá»­ (tÃ­nh theo dá»¯ liá»‡u Ä‘iá»u chá»‰nh).\nChá»‰ bÃ¡o MACD cho mua vÃ o cuá»‘i thÃ¡ng 07/2021 vÃ  liÃªn tá»¥c tÄƒng cho Ä‘áº¿n nay. BÃªn cáº¡nh Ä‘Ã³, khá»‘i lÆ°á»£ng duy trÃ¬ má»©c cao cho tháº¥y dÃ²ng tiá»n Ä‘ang cháº£y máº¡nh vÃ o cá»• phiáº¿u nÃ y.\nMá»¥c tiÃªu giÃ¡ (target price) trong thá»i gian tá»›i theo Fibonacci lÃ  vÃ¹ng 35,000-36,000 (tÆ°Æ¡ng Ä‘Æ°Æ¡ng ngÆ°á»¡ng Fibonacci Retracement 261.8%).\nDIG - Tá»•ng CÃ´ng ty cá»• pháº§n Äáº§u tÆ° PhÃ¡t triá»ƒn XÃ¢y dá»±ng\nTrong phiÃªn giao dá»‹ch ngÃ y 09/08/2021, giÃ¡ cá»• phiáº¿u DIG tiáº¿p tá»¥c tÄƒng máº¡nh vá»›i máº«u hÃ¬nh náº¿n gáº§n giá»‘ng White Marubozu vÃ  phÃ¡ vá»¡ hoÃ n toÃ n vÃ¹ng 27,500-28,500 (tÆ°Æ¡ng Ä‘Æ°Æ¡ng Ä‘á»‰nh cÅ© thÃ¡ng 01/2021 vÃ  thÃ¡ng 06/2021).\nKhá»‘i lÆ°á»£ng giao dá»‹ch bá»©t phÃ¡ máº¡nh vÃ  liÃªn tá»¥c náº±m trÃªn má»©c trung bÃ¬nh 20 phiÃªn gáº§n nháº¥t cho tháº¥y dÃ²ng tiá»n Ä‘ang bÆ¡m máº¡nh vÃ o DIG.\nBÃ¬nh quÃ¢n mua thÆ°á»ng xuyÃªn lá»›n hÆ¡n bÃ¬nh quÃ¢n bÃ¡n, qua Ä‘Ã³ chá»©ng tá» nhÃ  Ä‘áº§u tÆ° lá»›n Ä‘ang mua vÃ o.\nMá»¥c tiÃªu trong thá»i gian tá»›i cá»§a DIG lÃ  vÃ¹ng 34,000-35,000.\nFCN - CTCP FECON\nTrong phiÃªn giao dá»‹ch ngÃ y 09/08/2021, giÃ¡ cá»• phiáº¿u FCN test láº¡i cÃ¹ng lÃºc hai Ä‘Æ°á»ng SMA 100 ngÃ y vÃ  SMA 200 ngÃ y. Káº¿t quáº£ bÃ i test nÃ y sáº½ quyáº¿t Ä‘á»‹nh xu hÆ°á»›ng cá»§a FCN trong thá»i gian tá»›i.\nKhá»‘i lÆ°á»£ng giao dá»‹ch cá»§a FCN cÅ©ng thÆ°á»ng xuyÃªn náº±m trÃªn má»©c trung bÃ¬nh 20 phiÃªn cho tháº¥y dÃ²ng tiá»n Ä‘ang ráº¥t máº¡nh.\nÄÃ¡y cÅ© thÃ¡ng 07/2021 vÃ  thÃ¡ng 02/2021 (tÆ°Æ¡ng Ä‘Æ°Æ¡ng vÃ¹ng 10,000-11,000) sáº½ lÃ  há»— trá»£ máº¡nh trong tÆ°Æ¡ng lai.\nNVL - CTCP Táº­p Ä‘oÃ n Äáº§u tÆ° Äá»‹a á»‘c No Va\nKhá»‘i ngoáº¡i tiáº¿p tá»¥c bÃ¡n rÃ²ng vÃ  bÃ¬nh quÃ¢n bÃ¡n thÆ°á»ng xuyÃªn lá»›n hÆ¡n bÃ¬nh quÃ¢n mua khiáº¿n cho Ä‘Ã  phá»¥c há»“i cá»§a giÃ¡ cá»• phiáº¿u NVL bá»‹ chá»¯ng láº¡i.\nGiÃ¡ khÃ´ng thá»ƒ vÆ°á»£t qua Ä‘Æ°á»£c Ä‘Æ°á»ng SMA 50 ngÃ y. Tuy nhiÃªn, khá»‘i lÆ°á»£ng giao dá»‹ch Ä‘ang duy trÃ¬ á»Ÿ má»©c khÃ¡ cao cho tháº¥y nhÃ  Ä‘áº§u tÆ° váº«n giao dá»‹ch sÃ´i Ä‘á»™ng trong ngáº¯n háº¡n.\nKháº£ nÄƒng hÃ¬nh thÃ nh máº«u hÃ¬nh Head & Shoulders trong thá»i gian tá»›i lÃ  khÃ´ng quÃ¡ lá»›n.\nPNJ - CTCP VÃ ng báº¡c ÄÃ¡ quÃ½ PhÃº Nhuáº­n\nChá»‰ bÃ¡o Stochastic Oscillator tiáº¿p tá»¥c tÄƒng sau khi cho phÃ¢n ká»³ giÃ¡ lÃªn. PhÃ¢n ká»³ nÃ y xuáº¥t hiá»‡n trong vÃ¹ng oversold nÃªn Ä‘á»™ tin cáº­y ráº¥t cao.\nVÃ¹ng 87,500-91,500 (tÆ°Æ¡ng Ä‘Æ°Æ¡ng Ä‘Ã¡y cÅ© thÃ¡ng 07/2021) sáº½ lÃ  há»— trá»£ máº¡nh trong trÆ°á»ng há»£p giÃ¡ cÃ³ Ä‘iá»u chá»‰nh báº¥t ngá» (thrust down). ÄÃ¢y cÅ©ng Ä‘á»“ng thá»i lÃ  Ä‘á»‰nh cÅ© Ä‘Ã£ bá»‹ vÆ°á»£t qua cá»§a thÃ¡ng 01/2020 nÃªn Ä‘á»™ tin cáº­y cÃ ng Ä‘Æ°á»£c nÃ¢ng cao.\nMá»¥c tiÃªu trong ngáº¯n háº¡n cá»§a giÃ¡ lÃ  Ä‘á»‰nh cÅ© thÃ¡ng 07/2021 (tÆ°Æ¡ng Ä‘Æ°Æ¡ng vÃ¹ng 105,000-108,000).\nSTB - NgÃ¢n hÃ ng TMCP SÃ i GÃ²n ThÆ°Æ¡ng TÃ­n\nKhá»‘i ngoáº¡i mua rÃ²ng máº¡nh vÃ  liÃªn tá»¥c trong thá»i gian gáº§n Ä‘Ã¢y Ä‘Ã£ giÃºp á»•n Ä‘á»‹nh tÃ¢m lÃ½ cá»§a nhÃ  Ä‘áº§u tÆ°.\nGiÃ¡ cá»• phiáº¿u STB cÃ³ dáº¥u hiá»‡u giáº±ng co máº¡nh khi Ä‘áº¿n gáº§n Ä‘Æ°á»ng trendline giáº£m ngáº¯n háº¡n (báº¯t Ä‘áº§u tá»« thÃ¡ng 06/2021). NgÆ°á»¡ng nÃ y sáº½ lÃ  khÃ¡ng cá»± chÃ­nh trong thá»i gian tá»›i.\nChá»‰ bÃ¡o MACD Ä‘Ã£ cho tÃ­n hiá»‡u mua vÃ  vÆ°á»£t ngÆ°á»¡ng 0 nÃªn rá»§i ro khÃ´ng quÃ¡ lá»›n.\nSHB - NgÃ¢n hÃ ng TMCP SÃ i GÃ²n - HÃ  Ná»™i\nGiÃ¡ cá»• phiáº¿u SHB tiáº¿p tá»¥c giáº±ng co nhÆ°ng váº«n cÃ³ kháº£ nÄƒng phÃ¡ vá»¡ hoÃ n toÃ n trendline giáº£m ngáº¯n háº¡n (báº¯t Ä‘áº§u tá»« thÃ¡ng 06/2021) vÃ  Ä‘Æ°á»ng SMA 50 ngÃ y.\nKhá»‘i lÆ°á»£ng giao dá»‹ch thÆ°á»ng xuyÃªn náº±m trÃªn má»©c trung bÃ¬nh 20 phiÃªn gáº§n nháº¥t cho tháº¥y dÃ²ng tiá»n máº¡nh vÃ  á»•n Ä‘á»‹nh.\nChá»‰ bÃ¡o MACD Ä‘Ã£ cho tÃ­n hiá»‡u mua vÃ  vÆ°á»£t lÃªn trÃªn ngÆ°á»¡ng 0 nÃªn kháº£ nÄƒng giÃ¡ Ä‘áº¡t Ä‘áº¿n Ä‘á»‰nh cÅ© thÃ¡ng 06/2021 (tÆ°Æ¡ng Ä‘Æ°Æ¡ng vÃ¹ng 32,000-33,500) lÃ  khÃ¡ cao.\nTPB - NgÃ¢n hÃ ng TMCP TiÃªn Phong\nTrong phiÃªn giao dá»‹ch ngÃ y 09/08/2021, chá»‰ bÃ¡o MACD vÃ  Stochastic Oscillator tiáº¿p tá»¥c tÄƒng sau khi cho tÃ­n hiá»‡u mua trÆ°á»›c Ä‘Ã³. Äiá»u nÃ y cho tháº¥y tÃ¬nh hÃ¬nh Ä‘ang khÃ¡ láº¡c quan.\nTrong nÄƒm 2021, Ä‘Æ°á»ng SMA 100 ngÃ y Ä‘Ã£ cÃ³ 3 láº§n ""cá»©u thua"" cho cá»• phiáº¿u TPB vÃ o thÃ¡ng 01/2021, thÃ¡ng 04/2021 vÃ  thÃ¡ng 07/2021. Má»—i láº§n test ngÆ°á»¡ng nÃ y giÃ¡ Ä‘á»u Ä‘áº£o ngÆ°á»£c Ä‘Ã  giáº£m vÃ  tÄƒng máº¡nh trá»Ÿ láº¡i.\nNáº¿u cá»• phiáº¿u báº¥t ngá» Ä‘iá»u chá»‰nh thÃ¬ vÃ¹ng 28,000-31,000 (Ä‘á»‰nh cÅ© Ä‘Ã£ bá»‹ vÆ°á»£t qua cá»§a thÃ¡ng 01/2021, thÃ¡ng 03/2021 vÃ  thÃ¡ng 04/2021) sáº½ Ä‘Ã³ng vai trÃ² há»— trá»£ quan trá»ng.\nVIC - Táº­p Ä‘oÃ n VINGROUP - CTCP\nTrong phiÃªn giao dá»‹ch ngÃ y 09/08/2021, chá»‰ bÃ¡o MACD Ä‘Ã£ vÆ°á»£t ngÆ°á»¡ng 0. Äiá»u nÃ y cho tháº¥y xu hÆ°á»›ng tÄƒng Ä‘ang quay trá»Ÿ láº¡i.\nKhá»‘i lÆ°á»£ng giao dá»‹ch phá»¥c há»“i vÃ  thÆ°á»ng xuyÃªn náº±m trÃªn má»©c trung bÃ¬nh 20 phiÃªn trong thá»i gian qua.\nGiá»›i phÃ¢n tÃ­ch Ä‘ang ká»³ vá»ng má»™t ká»‹ch báº£n tÆ°Æ¡ng tá»± giai Ä‘oáº¡n tá»« thÃ¡ng 01/2021 Ä‘áº¿n thÃ¡ng 04/2021 (giáº£m sÃ¢u báº¥t ngá» sau Ä‘Ã³ phá»¥c há»“i máº¡nh) sáº½ láº·p láº¡i má»™t láº§n ná»¯a vÃ o cuá»‘i nÄƒm.\nBá»™ pháº­n PhÃ¢n tÃ­ch Ká»¹ thuáº­t, PhÃ²ng TÆ° váº¥n Vietstock\nFILI']"
25,"['Má»™t cá»• phiáº¿u Ä‘iá»‡n sáº¯p chÃ o sÃ n UPCoM vá»›i giÃ¡ tham chiáº¿u 12,600 Ä‘á»“ng/cp']","['Sá»Ÿ Giao dá»‹ch chá»©ng khoÃ¡n HÃ  Ná»™i (HNX) vá»«a cháº¥p thuáº­n Ä‘Äƒng kÃ½ giao dá»‹ch cá»• phiáº¿u cá»§a CTCP Thá»§y Ä‘iá»‡n XuÃ¢n Minh (XMP).\nTheo Ä‘Ã³, 15 triá»‡u cp vá»›i mÃ£ XMP sáº½ Ä‘Æ°á»£c Ä‘Æ°a vÃ o giao dá»‹ch trÃªn sÃ n UPCoM, tá»•ng giÃ¡ trá»‹ tÃ­nh theo má»‡nh giÃ¡ Ä‘áº¡t 150 tá»· Ä‘á»“ng.\nHNX thÃ´ng bÃ¡o ngÃ y giao dá»‹ch Ä‘áº§u tiÃªn cá»§a cá»• phiáº¿u XMP vÃ o 16/08/2021, giÃ¡ tham chiáº¿u lÃ  12,600 Ä‘á»“ng/cp. Vá»›i má»©c giÃ¡ nÃ y, XMP Ä‘ang Ä‘Æ°á»£c Ä‘á»‹nh giÃ¡ á»Ÿ má»©c 189 tá»· Ä‘á»“ng.\nGiá»›i thiá»‡u qua vá» doanh nghiá»‡p, XMP Ä‘i vÃ o hoáº¡t Ä‘á»™ng tá»« thÃ¡ng 10/2014 vá»›i vá»‘n Ä‘iá»u lá»‡ 150 tá»· Ä‘á»“ng. Trá»¥ sá»Ÿ CÃ´ng ty tá»a láº¡c táº¡i huyá»‡n ThÆ°á»ng XuÃ¢n, tá»‰nh Thanh HÃ³a. Doanh nghiá»‡p nÃ y chuyÃªn hoáº¡t Ä‘á»™ng trong cÃ¡c lÄ©nh vá»±c: Äáº§u tÆ° xÃ¢y dá»±ng cÃ¡c dá»± Ã¡n thá»§y Ä‘iá»‡n; sáº£n xuáº¥t, truyá»n táº£i vÃ  phÃ¢n phá»‘i Ä‘iá»‡n;â€¦\nThá»§y Ä‘iá»‡n XuÃ¢n Minh, Thanh HÃ³a\nVá» káº¿t quáº£ kinh doanh, nÄƒm 2020, XMP bÃ¡o doanh thu 66 tá»· Ä‘á»“ng vÃ  lÃ£i rÃ²ng 8.3 tá»· Ä‘á»“ng, giáº£m láº§n lÆ°á»£t 15% vÃ  58% so vá»›i 2019.\nSang ná»­a Ä‘áº§u nÄƒm 2021, doanh nghiá»‡p ghi nháº­n doanh thu Ä‘áº¡t 45 tá»· Ä‘á»“ng vÃ  lÃ£i rÃ²ng 15 tá»· Ä‘á»“ng, tÄƒng láº§n lÆ°á»£t 39% vÃ  358% (gáº¥p 4.6 láº§n) cÃ¹ng ká»³.\nÄáº¿n 30/06/2021, XMP Ä‘ang cÃ³ tá»•ng tÃ i sáº£n 467 tá»· Ä‘á»“ng. Äa pháº§n giÃ¡ trá»‹ tÃ i sáº£n náº±m á»Ÿ tÃ i sáº£n cá»‘ Ä‘á»‹nh vá»›i 434 tá»· Ä‘á»“ng.\nXMP cÃ³ 3 Ä‘Æ¡n vá»‹ liÃªn quan lÃ  CTCP Äáº§u tÆ° XÃ¢y dá»±ng vÃ  NÄƒng lÆ°á»£ng VCP (CÃ´ng ty máº¹), CTCP ThÃ©p vÃ  Váº­t tÆ° nÃ´ng nghiá»‡p (cá»• Ä‘Ã´ng gÃ³p vá»‘n) vÃ  CTCP CÆ¡ Ä‘iá»‡n VCP (cÃ¹ng cÃ´ng ty máº¹).\nDuy Na\nFILI']"
26,['Nháº­n diá»‡n 4 rá»§i ro vá»›i thá»‹ trÆ°á»ng chá»©ng khoÃ¡n nhÃ  Ä‘áº§u tÆ° khÃ´ng thá»ƒ bá» qua'],"['Trong táº§m nhÃ¬n dÃ i háº¡n, háº§u háº¿t cÃ¡c dá»± bÃ¡o Ä‘á»u Ä‘Æ°a Vn-Index cÃ³ thá»ƒ cÃ¡n má»‘c 1.400 - 1.450 Ä‘iá»ƒm vÃ o cuá»‘i nÄƒm nay nhÆ°ng rá»§i ro ngÃ y cÃ ng gia tÄƒng trÆ°á»›c biáº¿n sá»‘ Covid-19â€¦\náº¢nh minh há»a\nTrong nhá»¯ng thÃ¡ng Ä‘áº§u nÄƒm 2021 thá»‹ trÆ°á»ng chá»©ng khoÃ¡n thÄƒng hoa, háº§u háº¿t nháº­n Ä‘á»‹nh cá»§a cÃ¡c cÃ´ng ty chá»©ng khoÃ¡n Ä‘á»u láº¡c quan cho ráº±ng, cá»© Ä‘Ã  má»—i phiÃªn thanh khoáº£n 20.000 - 30.000 tá»·, tÃ i khoáº£n cÃ¡ nhÃ¢n liÃªn tiáº¿p láº­p ká»· lá»¥c, Vn-Index sá»›m cÃ¡n má»‘c 1.500 - 1.600 Ä‘iá»ƒm vÃ o cuá»‘i nÄƒm 2021.\nTuy nhiÃªn, trÆ°á»›c biáº¿n sá»‘ báº¥t Ä‘á»‹nh Covid-19, háº§u háº¿t cÃ¡c cÃ´ng ty Ä‘á»u Ä‘iá»u chá»‰nh triá»ƒn vá»ng tháº­n trá»ng hÆ¡n cho thá»‹ trÆ°á»ng, dÃ¹ ráº±ng dá»± bÃ¡o dÃ i háº¡n váº«n cÃ³ thá»ƒ Ä‘áº¡t 1.400 - 1.450 Ä‘iá»ƒm vÃ o cuá»‘i nÄƒm nay nhÆ°ng kÃ¨m theo nhiá»u rá»§i ro mÃ  nhÃ  Ä‘áº§u tÆ° cáº§n pháº£i lÆ°á»ng trÆ°á»›c. \nVIá»†T NAM ÄANG Äá»I Máº¶T Vá»šI Äá»¢T Dá»ŠCH BÃ™NG PHÃT Tá»’I Tá»† NHáº¤T\nRá»§i ro thá»© nháº¥t lÃ  dá»‹ch bá»‡nh bÃ¹ng phÃ¡t cÃ¡c biá»‡n phÃ¡p phong toáº£ kÃ©o dÃ i dáº«n Ä‘áº¿n tÄƒng trÆ°á»Ÿng GDP tháº¥p hÆ¡n dá»± bÃ¡o. Nhá»¯ng Ä‘iá»u nÃ y tÃ¡c Ä‘á»™ng tiÃªu cá»±c Ä‘áº¿n tÃ¢m lÃ½ thá»‹ trÆ°á»ng. \nViá»‡t Nam Ä‘ang Ä‘á»‘i máº·t vá»›i Ä‘á»£t bÃ¹ng phÃ¡t Covid-19 tá»“i tá»‡ nháº¥t ká»ƒ tá»« Ä‘áº§u Ä‘áº¡i dá»‹ch. Theo sá»‘ liá»‡u má»›i nháº¥t tá»« Bá»™ Y táº¿, tÃ­nh Ä‘áº¿n ngÃ y 9/8, Viá»‡t Nam ghi nháº­n sá»‘ ca nhiá»…m lÃªn Ä‘áº¿n 219.745 ca, sá»‘ ca tá»­ vong 3.757. Biáº¿n chá»§ng má»›i Delta kÃ©o dÃ i tá»« thÃ¡ng 4 Ä‘áº¿n nay váº«n chÆ°a cÃ³ dáº¥u hiá»‡u khi nÃ o sáº½ dá»«ng láº¡i, cÃ¡c biá»‡n phÃ¡p phong toáº£ á»Ÿ nhiá»u tÃ¬nh thÃ nh lá»›n trÃªn cáº£ nÆ°á»›c - nÆ¡i cÃ³ nhiá»u khu cÃ´ng nghiá»‡p Ä‘Ã£ khiáº¿n doanh nghiá»‡p Ä‘á»‘i diá»‡n vá»›i thÃ¡ch thá»©c thiáº¿u linh kiá»‡n, váº­t tÆ° phá»¥c vá»¥ sáº£n xuáº¥t, nguy cÆ¡ báº­t ra khá»i chuá»—i cung á»©ng toÃ n cáº§u hiá»‡n há»¯u. \nSá»‘ ca nhiá»…m Covid-19 tÃ­nh Ä‘áº¿n 9/8 - Nguá»“n: Bá»™ Y táº¿. \nHáº§u háº¿t cÃ¡c cÃ´ng ty chá»©ng khoÃ¡n Ä‘á»u háº¡ dá»± bÃ¡o tÄƒng trÆ°á»Ÿng GDP giáº£m so vá»›i trÆ°á»›c Ä‘Ã³, xuá»‘ng cÃ²n 4-5%, tháº­m chÃ­ riÃªng Chá»©ng khoÃ¡n Agriseco trong bÃ¡o cÃ¡o vÄ© mÃ´ quÃ½ 3/2021 Ä‘Ã£ lo ngáº¡i tÄƒng trÆ°á»Ÿng Ã¢m náº¿u dá»‹ch diá»…n biáº¿n cÃ²n kÃ©o dÃ i.\nCÃ²n theo Ä‘Ã¡nh giÃ¡ gáº§n Ä‘Ã¢y nháº¥t cá»§a Chá»©ng khoÃ¡n Báº£n Viá»‡t, cÃ¡c giÃ¡n Ä‘oáº¡n kinh táº¿ lá»›n hoÌ›n tá»« dá»‹ch Covid-19 dáº«n Ä‘áº¿n taÌ†ng truÌ›á»Ÿng GDP tháº¥p hoÌ›n dá»± kiáº¿n vÃ  lÃ m cháº¡Ì‚m Ä‘Ã  phá»¥c há»“i trong cÃ¡c lÄ©nh vá»±c bá»‹ áº£nh huÌ›á»Ÿng trá»±c tiáº¿p nhÆ° bÃ¡n láº», khÃ¡ch sáº¡n vÃ  váº¡Ì‚n táº£i, lá»£i nhuáº¡Ì‚n há»Ì‚ gia Ä‘Ã¬nh vÃ  cháº¥t luÌ›á»£ng tÃ i sáº£n cá»§a ngÃ¢n hÃ ng. \nChá»©ng khoÃ¡n Rá»“ng Viá»‡t thÃ¬ cho ráº±ng, chi tiÃªu há»™ gia Ä‘Ã¬nh vÃ  cÃ¡c ngÃ nh dá»‹ch vá»¥ sáº½ tÄƒng trÆ°á»Ÿng Ã¢m trong quÃ½ 3/2021. Trong quÃ½ 4/2021, náº¿u khÃ´ng cÃ³ cÃ¡c chÃ­nh sÃ¡ch há»— trá»£ máº¡nh máº½ hÆ¡n, hoáº¡t Ä‘á»™ng kinh táº¿ sáº½ phá»¥c há»“i á»Ÿ má»©c tháº¥p do nhá»¯ng áº£nh hÆ°á»Ÿng sÃ¢u sáº¯c tá»« Ä‘áº¡i dá»‹ch lÃªn thá»‹ trÆ°á»ng lao Ä‘á»™ng, giÃ¡n Ä‘oáº¡n chuá»—i cung á»©ng vÃ  ngÃ¢n sÃ¡ch cá»§a ChÃ­nh phá»§, báº£ng cÃ¢n Ä‘á»‘i cá»§a doanh nghiá»‡p vÃ  tÃºi tiá»n há»™ gia Ä‘Ã¬nh. BÃªn cáº¡nh Ä‘Ã³, viá»‡c thÃºc Ä‘áº©y tiáº¿n Ä‘á»™ Ä‘áº§u tÆ° cÃ´ng cÃ³ thá»ƒ khÃ´ng nhÆ° mong muá»‘n do cÃ¡c biá»‡n phÃ¡p kiá»ƒm soÃ¡t Covid-19.\nTÃ³m láº¡i, Ä‘áº¡i dá»‹ch á»Ÿ Viá»‡t Nam sáº½ táº¡o ra mÃ´i trÆ°á»ng Ä‘áº§u tÆ° tÆ°Æ¡ng Ä‘á»‘i báº¥t á»•n hÆ¡n so vá»›i giai Ä‘oáº¡n trÆ°á»›c.\nNGUY CÆ  DÃ’NG TIá»€N CHáº Y KHá»I CHá»¨NG KHOÃN, QUAY Vá»€ HOáº T Äá»˜NG Sáº¢N XUáº¤T KINH DOANH\nTrong trÆ°á»ng há»£p dá»‹ch bá»‡nh Ä‘Æ°á»£c kiá»ƒm soÃ¡t cÅ©ng mang theo má»™t dáº¡ng rá»§i ro cho thá»‹ trÆ°á»ng chá»©ng khoÃ¡n. DÃ²ng tiá»n F0 lÃ  má»™t trong nhá»¯ng Ä‘á»™ng lá»±c chÃ­nh Ä‘Æ°a Vn-Index cÃ¡n tá»«ng má»‘c lá»‹ch sá»­ 6 thÃ¡ng Ä‘áº§u nÄƒm khi sáº£n xuáº¥t kinh doanh Ä‘Ã¬nh trá»‹, dÃ²ng vá»‘n cáº§n tÃ¬m kiáº¿m cÆ¡ há»™i Ä‘áº§u tÆ° má»›i nhÆ° chá»©ng khoÃ¡n. Tuy nhiÃªn, má»™t khi ná»n kinh táº¿ má»Ÿ cá»­a hoÃ n toÃ n trá»Ÿ láº¡i vÃ o cuá»‘i nÄƒm nay sáº½ chuyá»ƒn huÌ›á»›ng sá»± chÃº Ã½ cá»§a cÃ¡c nhÃ  Ä‘áº§u tuÌ› cÃ¡ nhÃ¢n vÃ  dÃ²ng tiá»n quay láº¡i máº£ng khÃ¡c cá»§a ná»n kinh táº¿, chá»©ng khoÃ¡n sáº½ khÃ³ bá»©t phÃ¡ 6 thÃ¡ng cuá»‘i nÄƒm. \nSá»‘ liá»‡u vá»«a cÃ´ng bá»‘ tá»« Trung tÃ¢m LÆ°u kÃ½ Chá»©ng khoÃ¡n cÃ²n cho tháº¥y sá»‘ lÆ°á»£ng tÃ i khoáº£n nhÃ  Ä‘áº§u tÆ° cÃ¡ nhÃ¢n trong nÆ°á»›c má»Ÿ má»›i thÃ¡ng 7/2021 chá»‰ Ä‘áº¡t 101.078 tÃ i khoáº£n, tháº¥p nháº¥t trong 5 thÃ¡ng trá»Ÿ láº¡i Ä‘Ã¢y.  \nSá»± hÆ°ng pháº¥n cá»§a nhÃ  Ä‘áº§u tÆ° vá»›i thá»‹ trÆ°á»ng Ä‘Ã£ giáº£m Ä‘Ã¡ng ká»ƒ so vá»›i 6 thÃ¡ng Ä‘áº§u nÄƒm 2021, tiá»n máº·t cá»§a cÃ¡c nhÃ  Ä‘áº§u tÆ° táº¡i cÃ¡c cÃ´ng ty chá»©ng khoÃ¡n thiáº¿t láº­p má»©c ká»· lá»¥c. Theo thá»‘ng kÃª, Ä‘áº¿n háº¿t quÃ½ 2/2021, sá»‘ dÆ° tiá»n gá»­i cá»§a khÃ¡ch hÃ ng táº¡i cÃ¡c cÃ´ng ty chá»©ng khoÃ¡n khoáº£ng hÆ¡n 86.000 tá»· Ä‘á»“ng. Trong Ä‘Ã³ chá»§ yáº¿u lÃ  tiá»n gá»­i cá»§a nhÃ  Ä‘áº§u tÆ° giao dá»‹ch chá»©ng khoÃ¡n theo phÆ°Æ¡ng thá»©c cÃ´ng ty chá»©ng khoÃ¡n quáº£n lÃ½. DÃ¹ dÃ²ng tiá»n nÃ y chÆ°a háº³n Ä‘Ã£ chÃ¡n náº£n rÃºt ra khá»i chá»©ng khoÃ¡n nhÆ°ng má»™t khi kinh doanh sáº£n xuáº¥t phá»¥c há»“i, dÃ²ng tiá»n nÃ y sáºµn sÃ ng quay láº¡i cÃ¡c kÃªnh Ä‘áº§u tÆ° truyá»n thá»‘ng khÃ¡c. CÃ¡c quá»¹ Ä‘áº§u tÆ° hiá»‡n cÅ©ng Ä‘ang duy trÃ¬ tá»· lá»‡ tiá»n máº·t cao nháº¥t tá»« trÆ°á»›c Ä‘áº¿n nay.\nLáº M PHÃT GIA TÄ‚NG \nRá»§i ro tiáº¿p theo lÃ  láº¡m phÃ¡t gia tÄƒng. Máº·c dÃ¹ tá»· lá»‡ láº¡m phÃ¡t á»Ÿ Viá»‡t Nam váº«n Ä‘Æ°á»£c kiá»ƒm soÃ¡t ká»³ vá»ng á»Ÿ má»©c dÆ°á»›i 4% vÃ o cuá»‘i nÄƒm nhÆ°ng nhá»¯ng lo ngáº¡i láº¡m phÃ¡t trÃªn toÃ n cáº§u Ä‘ang gia tÄƒng vá»›i tÃ¢m Ä‘iá»ƒm lÃ  Fed.\nTrong bÃ¡o cÃ¡o triá»ƒn vá»ng chá»©ng khoÃ¡n thÃ¡ng 8, VDSC cho hay, má»™t bÃ i bÃ¡o phÃ¡t hÃ nh vÃ o thÃ¡ng trÆ°á»›c cá»§a Deutsche Bank cÃ³ tiÃªu Ä‘á» â€œLáº¡m phÃ¡t: CÃ¢u chuyá»‡n vÄ© mÃ´ cá»§a tháº­p ká»· nÃ yâ€ káº¿t luáº­n báº±ng láº­p luáº­n ráº±ng cÃ¡c ná»n kinh táº¿ toÃ n cáº§u Ä‘ang â€œngá»“i trÃªn má»™t quáº£ bom háº¹n giá»â€.\nBÃ i bÃ¡o nÃ y cho ráº±ng cÃ³ thá»ƒ pháº£i Ä‘áº¿n nÄƒm 2023, ""nhÆ°ng láº¡m phÃ¡t sáº½ bÃ¹ng phÃ¡t trá»Ÿ láº¡i"" vÃ  Fed cÃ³ thá»ƒ khÃ´ng chuáº©n bá»‹ sáºµn sÃ ng vÃ¬ cÆ¡ quan nÃ y tiáº¿p tá»¥c theo Ä‘uá»•i cÃ¡c ""má»¥c tiÃªu xÃ£ há»™i"" nhÆ° tÄƒng viá»‡c lÃ m sau dá»‹ch bá»‡nh. CÃ¡c nhÃ  kinh táº¿ láº­p luáº­n ráº±ng trong khi cÃ¡c má»¥c tiÃªu trÃªn ""cáº§n thiáº¿t Ä‘áº¿n má»©c Ä‘Ã¡ng ngÆ°á»¡ng má»™"", cÃ¡c ngÃ¢n hÃ ng trung Æ°Æ¡ng ""váº«n pháº£i Æ°u tiÃªn láº¡m phÃ¡t"" Ä‘á»ƒ trÃ¡nh ""suy thoÃ¡i kinh táº¿ nghiÃªm trá»ng"" vÃ  ""má»™t chuá»—i khÃ³ khÄƒn tÃ i chÃ­nh trÃªn toÃ n tháº¿ giá»›i, Ä‘áº·c biá»‡t lÃ  á»Ÿ cÃ¡c thá»‹ trÆ°á»ng má»›i ná»•i."" Trong khi Ä‘Ã³, ká»³ vá»ng láº¡m phÃ¡t Ä‘ang gia tÄƒng theo káº¿t quáº£ cá»§a má»™t cuá»™c kháº£o sÃ¡t gáº§n Ä‘Ã¢y cá»§a Fed New York.\nTáº¡i cuá»™c há»p cá»§a Fed vÃ o giá»¯a nÄƒm 2021, cÃ¡c ká»³ vá»ng vá» lÃ£i suáº¥t cá»§a cÃ¡c thÃ nh viÃªn FOMC Ä‘á»u nÃ¢ng lÃªn so vá»›i thá»i Ä‘iá»ƒm Ä‘áº§u nÄƒm. Theo Ä‘Ã³, láº¡m phÃ¡t cÃ³ thá»ƒ nhÃ­ch tÄƒng sá»›m hÆ¡n, cÃ³ thá»ƒ cÃ³ tá»›i 2 láº§n nÃ¢ng lÃ£i suáº¥t trong nÄƒm 2023, thay vÃ¬ cho tá»›i 2024 nhÆ° dá»± bÃ¡o Ä‘áº§u nÄƒm. FED nÃ¢ng dá»± bÃ¡o láº¡m phÃ¡t lÃªn má»©c 2,9% - 3,1% cho nÄƒm 2021 â€“ nÃ¢ng gáº§n 1 Ä‘iá»ƒm % so vá»›i 3 thÃ¡ng trÆ°á»›c.\nÄÃ¡nh giÃ¡ vá» rá»§i ro cá»§a viá»‡c Fed tÄƒng lÃ£i suáº¥t lÃªn thá»‹ trÆ°á»ng chá»©ng khoÃ¡n Viá»‡t Nam, Agriseco cho ráº±ng viá»‡c Fed báº¯t Ä‘áº§u tháº­n trá»ng vÃ  quan tÃ¢m hÆ¡n Ä‘áº¿n nhá»¯ng lo ngáº¡i vá» láº¡m phÃ¡t cÃ³ thá»ƒ khiáº¿n cÃ¡c gÃ³i ná»›i lá»ng Ä‘á»‹nh lÆ°á»£ng cÃ³ thá»ƒ káº¿t thÃºc sá»›m hÆ¡n dá»± kiáº¿n. Äang ngÃ y cÃ ng cÃ³ nhá»u ká»³ vá»ng FED sáº½ báº¯t Ä‘áº§u nÃ¢ng lÃ£i suáº¥t trong nÄƒm 2023, Ä‘iá»u nÃ y khiáº¿n dÃ²ng vá»‘n Ä‘áº§u tÆ° nÆ°á»›c ngoÃ i cÃ³ thá»ƒ rÃºt khá»i cÃ¡c thá»‹ trÆ°á»ng má»›i ná»•i, cáº­n biÃªn, trong Ä‘Ã³ cÃ³ Viá»‡t Nam.\nGiÃ¡ hÃ ng hÃ³a cÆ¡ báº£n tÄƒng máº¡nh cÅ©ng áº£nh hÆ°á»Ÿng tá»›i cÃ¡n cÃ¢n thÆ°Æ¡ng máº¡i cá»§a Viá»‡t Nam, Ä‘á»“ng thá»i kÃ©o theo cÃ¡c má»‘i lo ngáº¡i vá» â€œnháº­p kháº©u láº¡m phÃ¡tâ€. GiÃ¡ cÆ°á»›c váº­n táº£i tÄƒng phi mÃ£ giai Ä‘oáº¡n vá»«a rá»“i cÅ©ng cÃ³ thá»ƒ áº£nh hÆ°á»Ÿng tá»›i quÃ¡ trÃ¬nh xuáº¥t kháº©u cá»§a Viá»‡t Nam.\nÄá»“ng quan Ä‘iá»ƒm, VCSC cho ráº±ng láº¡m phÃ¡t gia taÌ†ng dáº«n Ä‘áº¿n tháº¯t cháº¡Ì†t chÃ­nh sÃ¡ch, lÃ£i suáº¥t cao hoÌ›n áº£nh huÌ›á»Ÿng Ä‘áº¿n Ä‘á»‹nh giÃ¡ vÃ  kháº©u vá»‹ cá»§a nhÃ  Ä‘áº§u tÆ° cÃ¡ nhÃ¢n Ä‘á»‘i vá»›i cá»• phiáº¿u.\nTÄ‚NG TRÆ¯á»NG Lá»¢I NHUáº¬N CO Láº I\nRá»§i ro thá»© tÆ° lÃ  biÃªn lá»£i nhuáº­n cÃ¡c doanh nghiá»‡p, cÃ¡c nhÃ³m ngÃ nh báº¯t Ä‘áº§u co láº¡i,  bá»Ÿi chi phÃ­ Ä‘áº§u vÃ o tÄƒng trong khi giÃ¡ cáº£ Ä‘áº§u ra chÆ°a tÄƒng tÆ°Æ¡ng á»©ng, Ä‘iá»u nÃ y cuá»‘i cÃ¹ng sáº½ áº£nh hÆ°á»Ÿng Ä‘áº¿n giÃ¡ chá»©ng khoÃ¡n. Háº§u háº¿t cÃ¡c cÃ´ng ty chá»©ng khoÃ¡n cÃ¹ng chung má»™t nháº­n Ä‘á»‹nh ráº±ng tá»‘c Ä‘á»™ tÄƒng trÆ°á»Ÿng lá»£i nhuáº­n doanh nghiá»‡p sáº½ cháº­m láº¡i trong ná»­a cuá»‘i nÄƒm 2021. \nLá»£i nhuáº­n sau thuáº¿ trÃªn HOSE trong quÃ½ 2/2021, cÃ¡c doanh nghiá»‡p Ä‘áº¡i diá»‡n 97,2% vá»‘n hÃ³a Ä‘Ã£ cÃ´ng bá»‘ tÄƒng trÆ°á»Ÿng 59,31% so vá»›i cÃ¹ng ká»³, tháº¥p hÆ¡n so vá»›i má»©c 79,7% á»Ÿ quÃ½ 1/2021 do tÄƒng trÆ°á»Ÿng cháº­m láº¡i á»Ÿ nhÃ³m NgÃ¢n hÃ ng vÃ  nhÃ³m Chá»©ng khoÃ¡n.\nÄá»£t dá»‹ch Covid-19 tiáº¿p tá»¥c Ä‘e dá»a triá»ƒn vá»ng tÄƒng trÆ°á»Ÿng lá»£i nhuáº­n quÃ½ 3/2021 cá»§a toÃ n thá»‹ trÆ°á»ng khi cáº£ nÆ°á»›c Ä‘ang pháº£i Ä‘á»‘i diá»‡n vá»›i Ä‘á»£t dá»‹ch kÃ©o dÃ i, phá»©c táº¡p vÃ  chÆ°a tháº­t sá»± Ä‘Æ°á»£c kiá»ƒm soÃ¡t. \nTheo chá»©ng khoÃ¡n Mirae Asset, thá»i gian kiá»ƒm soÃ¡t dá»‹ch cÃ ng lÃ¢u cÃ ng áº£nh hÆ°á»Ÿng xáº¥u Ä‘áº¿n ná»n kinh táº¿ vÃ  hoáº¡t Ä‘á»™ng kinh doanh cá»§a cÃ¡c doanh nghiá»‡p. TÄƒng trÆ°á»Ÿng lá»£i nhuáº­n trÃªn má»—i cá»• pháº§n (EPS) cá»§a cÃ¡c doanh nghiá»‡p niÃªm yáº¿t trÃªn sÃ n HOSE sáº½ tÄƒng hÆ¡n 33% trong nÄƒm 2021 trong trÆ°á»ng há»£p láº¡c quan nháº¥t dá»‹ch bá»‡nh sá»›m Ä‘Æ°á»£c kiá»ƒm soÃ¡t trong thÃ¡ng 8. NgÆ°á»£c láº¡i, trong trÆ°á»ng há»£p xáº¥u, dá»‹ch bá»‡nh kÃ©o dÃ i Ä‘áº¿n cuá»‘i thÃ¡ng 10, má»©c tÄƒng trÆ°á»Ÿng EPS chá»‰ ká»³ vá»ng á»Ÿ má»©c 28%.\nAn NhiÃªn\nVNECONOMY']"
27,['Cá»• phiáº¿u EBA há»§y niÃªm yáº¿t ká»ƒ tá»« ngÃ y 01/09'],"['Sá»Ÿ Giao dá»‹ch Chá»©ng khoÃ¡n HÃ  Ná»™i (HNX) má»›i Ä‘Ã¢y Ä‘Ã£ cÃ³ thÃ´ng bÃ¡o vá» viá»‡c cá»• phiáº¿u EBA cá»§a CTCP Äiá»‡n Báº¯c NÃ  (HNX: EBA) sáº½ chÃ­nh thá»©c bá»‹ há»§y niÃªm yáº¿t tá»« ngÃ y 01/09.\nNguyÃªn nhÃ¢n cá»• phiáº¿u EBA bá»‹ há»§y niÃªm yáº¿t lÃ  do CÃ´ng ty khÃ´ng cÃ²n lÃ  cÃ´ng ty Ä‘áº¡i chÃºng, thuá»™c trÆ°á»ng há»£p há»§y niÃªm yáº¿t báº¯t buá»™c theo quy Ä‘á»‹nh cá»§a Luáº­t Chá»©ng khoÃ¡n.\nTrÆ°á»›c Ä‘Ã³, ngÃ y 14/07/2021, á»¦y ban Chá»©ng khoÃ¡n NhÃ  nÆ°á»›c (UBCKNN) Ä‘Ã£ cÃ³ vÄƒn báº£n cháº¥p thuáº­n viá»‡c há»§y tÆ° cÃ¡ch cÃ´ng ty Ä‘áº¡i chÃºng Ä‘á»‘i vá»›i EBA sau khi CÃ´ng ty cÃ³ cÃ´ng vÄƒn Ä‘á» nghá»‹ há»§y tÆ° cÃ¡ch cÃ´ng ty Ä‘áº¡i chÃºng vÃ o ngÃ y 29/06.\nKhÃ´ng lÃ¢u sau quyáº¿t Ä‘á»‹nh cá»§a UBCKNN, giÃ¡ cá»• phiáº¿u EBA Ä‘Ã£ cÃ³ bÆ°á»›c nháº£y lá»›n khi Ä‘áº¿n nay Ä‘Ã£ tÄƒng hÆ¡n 57%, lÃªn hÆ¡n 15,100 Ä‘á»“ng/cp (10/08/2021). Tuy nhiÃªn, thanh khoáº£n trung bÃ¬nh cá»§a cá»• phiáº¿u EBA láº¡i ráº¥t tháº¥p, chá»‰ á»Ÿ má»©c 28 cp/phiÃªn.\nThÆ°á»£ng Ngá»c\nFILI\nCá»” PHIáº¾U Há»¦Y NIÃŠM Yáº¾T\nCá»• phiáº¿u HBE rá»i sÃ n HNX vÃ o ngÃ y 10/08\n19/07/2021 08:20\nHNX xem xÃ©t há»§y niÃªm yáº¿t cÃ´Ì‰ phiÃªÌu HKB\n10/06/2021 11:11\nCÃ´Ì‰ phiÃªÌu S74 â€œkhÄƒn goÌiâ€ rÆ¡Ì€i saÌ€n HNX\n06/05/2021 10:38\nCá»• phiáº¿u PXT bá»‹ há»§y niÃªm yáº¿t báº¯t buá»™c ká»ƒ tá»« ngÃ y 28/05\n29/04/2021 10:19\nXem thÃªm']"
28,['Top cá»• phiáº¿u Ä‘Ã¡ng chÃº Ã½ Ä‘áº§u phiÃªn 10/08'],"['Danh sÃ¡ch cÃ¡c mÃ£ cá»• phiáº¿u tÄƒng vÃ  giáº£m máº¡nh nháº¥t nhá»¯ng phiÃªn gáº§n Ä‘Ã¢y theo sá»‘ liá»‡u thá»‘ng kÃª cá»§a Vietstock.\n2 phiÃªn\n3 phiÃªn\n4 phiÃªn\n5 phiÃªn\nGiao dá»‹ch nhiá»u\n* Danh sÃ¡ch cÃ¡c mÃ£ tÄƒng, giáº£m giÃ¡ nhiá»u nháº¥t xÃ©t Ä‘áº¿n khá»‘i lÆ°á»£ng giao dá»‹ch trÃªn 10,000 Ä‘Æ¡n vá»‹.\nBáº¡n dá»± bÃ¡o hÃ´m nay (10/08), thá»‹ trÆ°á»ng sáº½ ra sao?\nKhang Di\nFILI\nCÃC KÃŠNH Äáº¦U TÆ¯\nGÃ³c nhÃ¬n 12/08: Dao Ä‘á»™ng quanh ngÆ°á»¡ng 1,350 Ä‘iá»ƒm?\n1 giá» trÆ°á»›c\nVÃ ng tháº¿ giá»›i tÄƒng nháº¹ trÆ°á»›c nghi ngá» vá» tÃ¡c Ä‘á»™ng kinh táº¿ cá»§a biáº¿n thá»ƒ Delta\n11/08/2021 08:41\nDáº§u khá»Ÿi sáº¯c, tÄƒng hÆ¡n 2%\n11/08/2021 08:20\nTop cá»• phiáº¿u Ä‘Ã¡ng chÃº Ã½ Ä‘áº§u phiÃªn 11/08\n11/08/2021 08:00\nXem thÃªm']"
29,['10/08: Äá»c gÃ¬ trÆ°á»›c giá» giao dá»‹ch chá»©ng khoÃ¡n?'],"[""Cá»• phiáº¿u báº¥t Ä‘á»™ng sáº£n nhá» vÃ  vá»«a cÃ³ tuáº§n hÃºt tiá»n máº¡nh, lÃ£nh Ä‘áº¡o mua bÃ¡n cá»• phiáº¿u: Äua nhau rÃºt vá»‘n, ná»£ xáº¥u tÄƒng nhÆ°ng váº«n chÆ°a Ä‘Ãºng thá»±c cháº¥t, giÃ¡ cÆ°á»›c leo thang khiáº¿n doanh nghiá»‡p thá»§y sáº£n há»¥t hÆ¡i trong quÃ½ 2... lÃ  nhá»¯ng tin Ä‘Ã¡ng chÃº Ã½.\n* Cá»• phiáº¿u báº¥t Ä‘á»™ng sáº£n nhá» vÃ  vá»«a cÃ³ tuáº§n hÃºt tiá»n máº¡nh. Thanh khoáº£n há»“i phá»¥c máº¡nh trong tuáº§n giao dá»‹ch Ä‘áº§u thÃ¡ng 8, báº¥t Ä‘á»™ng sáº£n lÃ  nhÃ³m Ä‘Æ°á»£c dÃ²ng tiá»n Æ°u Ã¡i nhiá»u nháº¥t. >>>\n* 16,000 tá»· Ä‘á»“ng cháº£y vÃ o cÃ¡c quá»¹ ETF trong 7 thÃ¡ng Ä‘áº§u nÄƒm. DÃ²ng vá»‘n tá»« cÃ¡c quá»¹ ETF Ä‘ang cuá»™n trÃ o kháº¯p thá»‹ trÆ°á»ng chá»©ng khoÃ¡n Viá»‡t Nam trong 7 thÃ¡ng Ä‘áº§u nÄƒm, trong Ä‘Ã³ áº¥n tÆ°á»£ng nháº¥t váº«n lÃ  quá»¹ ÄÃ i Loan Fubon FTSE Vietnam ETF. >>>\n* LÃ£nh Ä‘áº¡o mua bÃ¡n cá»• phiáº¿u: Äua nhau rÃºt vá»‘n. Thá»‘ng kÃª cÃ¡c giao dá»‹ch ná»™i bá»™ trong tuáº§n giao dá»‹ch 02/08-06/08/2021 cho tháº¥y bÃªn bÃ¡n Ä‘ang chiáº¿m tháº¿ chá»§ Ä‘á»™ng. CÃ¡c giao dá»‹ch lá»›n Ä‘a pháº§n xoay quanh cÃ¡c tá»• chá»©c cÃ³ liÃªn quan Ä‘áº¿n nhá»¯ng ngÆ°á»i trong ban quáº£n trá»‹ cá»§a doanh nghiá»‡p. >>>\n* Tiá»m nÄƒng nÃ o á»Ÿ HPG, TPB, QTP?. CÃ¡c cÃ´ng ty chá»©ng khoÃ¡n (CTCK) khuyáº¿n nghá»‹ kháº£ quan vá»›i HPG nhá» triá»ƒn vá»ng cá»§a thá»‹ trÆ°á»ng thÃ©p trong ná»­a cuá»‘i nÄƒm 2021; nÃ¢ng giÃ¡ má»¥c tiÃªu cá»§a TPB do ká»³ vá»ng vÃ o sá»± phá»¥c há»“i háº­u Covid-19; mua QTP do kháº£ nÄƒng CÃ´ng ty tÄƒng tá»· lá»‡ chi tráº£ cá»• tá»©c trong tÆ°Æ¡ng lai. >>>\n* Ná»£ xáº¥u tÄƒng nhÆ°ng váº«n chÆ°a Ä‘Ãºng thá»±c cháº¥t. Ná»£ xáº¥u ngÃ¢n hÃ ng tiáº¿p tá»¥c tÄƒng giá»¯a lÃºc cÃ¡c nhÃ  bÄƒng bÃ¡o lÃ£i â€œkhá»§ngâ€ trong ná»­a Ä‘áº§u nÄƒm. Tuy nhiÃªn, dÆ°á»›i trá»£ lá»±c tá»« ThÃ´ng tÆ° 03, cÃ¡c chuyÃªn gia cho ráº±ng ná»£ xáº¥u hiá»‡n táº¡i váº«n chÆ°a thá»ƒ hiá»‡n Ä‘Ãºng thá»±c cháº¥t. >>>\n* GiÃ¡ cÆ°á»›c leo thang khiáº¿n doanh nghiá»‡p thá»§y sáº£n há»¥t hÆ¡i trong quÃ½ 2. Máº·c dÃ¹ lÆ°á»£ng hÃ ng xuáº¥t kháº©u Ä‘Æ°á»£c cáº£i thiá»‡n, doanh thu ghi nháº­n tÄƒng trÆ°á»Ÿng, tuy nhiÃªn, chi phÃ­ váº­n chuyá»ƒn cÅ©ng nhÆ° cÆ°á»›c tÃ u tÄƒng phi mÃ£ khiáº¿n loáº¡t doanh nghiá»‡p thá»§y sáº£n tiáº¿p tá»¥c cháº­t váº­t trong quÃ½ 2. >>>\n* IR Awards 2021: HÆ¡n 30 Ä‘á»‹nh cháº¿ tÃ i chÃ­nh cÃ¹ng Ä‘á»“ng hÃ nh vá»›i chÆ°Æ¡ng trÃ¬nh. Chung tay vÃ¬ má»™t thá»‹ trÆ°á»ng chá»©ng khoÃ¡n minh báº¡ch - cÃ´ng báº±ng, ChÆ°Æ¡ng trÃ¬nh IR Awards 2021 cÃ³ sá»± tham gia cá»§a hÆ¡n 30 Ä‘á»‹nh cháº¿ tÃ i chÃ­nh trong vÃ  ngoÃ i nÆ°á»›c lÃ  ThÃ nh viÃªn Há»™i Ä‘á»“ng BÃ¬nh chá»n. >>>\nTHá»Š TRÆ¯á»œNG CHá»¨NG KHOÃN\n* GÃ³c nhÃ¬n 10/08: Cá»• phiáº¿u vá»«a vÃ  nhá» sáº½ hÃºt tiá»n?\n* VIC thÃ nh láº­p 2 CÃ´ng ty con VinES vÃ  VinAI\n* DXS bÃ¡o lÃ£i rÃ²ng quÃ½ 2 tÄƒng 89%\n* BLW vÃ  HGC bá»‹ dá»«ng giao dá»‹ch 3 phiÃªn\n* Thibidi muá»‘n gom thÃªm 7.1 triá»‡u cp TBD\n* Äá»‹a á»‘c First Real bÃ¡o lÃ£i rÃ²ng quÃ½ 3 tÄƒng 23%\n* NSC bÃ¡o lÃ£i rÃ²ng quÃ½ 2/2021 Ä‘áº¡t 63 tá»· Ä‘á»“ng, giáº£m 17%\n* Gemadept bÃ¡o lÃ£i rÃ²ng 7 thÃ¡ng Ä‘áº§u nÄƒm tÄƒng 27%\n* Thá»§ tÆ°á»›ng: Cáº§n phÃ¡t triá»ƒn thá»‹ trÆ°á»ng chá»©ng khoÃ¡n Ä‘á»ƒ thÃºc Ä‘áº©y nguá»“n vá»‘n trung vÃ  dÃ i háº¡n\n* Báº£ng giÃ¡ FPTS bá»‹ lá»—i hiá»ƒn thá»‹ Ä‘áº§u phiÃªn 09/08\n* Tá»•ng BÃ¡ch HÃ³a sáº½ chÃ o sÃ n UPCoM ngÃ y 13/08, giÃ¡ tham chiáº¿u 5,700 Ä‘á»“ng/cp\n* VCR nÃ¢ng vá»‘n Ä‘iá»u lá»‡ lÃªn 2,100 tá»· Ä‘á»“ng\n* HOSE váº«n hoáº¡t Ä‘á»™ng giao dá»‹ch chá»©ng khoÃ¡n dÃ¹ phÃ¡t hiá»‡n ca dÆ°Æ¡ng tÃ­nh\n* Tá»•ng GiÃ¡m Ä‘á»‘c muá»‘n thoÃ¡i hÆ¡n 3.6 triá»‡u cp DHM\n* PIS: LÃ£i rÃ²ng quÃ½ 2 gáº¥p 3 láº§n nhá» hoáº¡t Ä‘á»™ng liÃªn doanh, liÃªn káº¿t thoÃ¡t lá»—\nTÃ€I CHÃNH NGÃ‚N HÃ€NG\n* Sáº§u riÃªng Ri6 Ä‘Æ°á»£c bÃ¡n gáº§n 430.000 Ä‘á»“ng/kg táº¡i Ãšc váº«n 'chÃ¡y hÃ ng'\n* Truy tÃ¬m lÃ£nh Ä‘áº¡o 2 cÃ´ng ty bá»‹ tá»‘ chiáº¿m Ä‘oáº¡t 134 tá»‰ Ä‘á»“ng cá»§a ngÃ¢n hÃ ng\n* GiÃ¡ khÃ­ thiÃªn nhiÃªn táº¡i chÃ¢u Ã‚u tÄƒng vá»t 1,000%, chÃ¢u Ã tÄƒng gáº¥p 6 láº§n\nVÄ¨ MÃ” Äáº¦U TÆ¯\n* VACC kiáº¿n nghá»‹ giáº£i phÃ¡p gá»¡ khÃ³ cho doanh nghiá»‡p xÃ¢y dá»±ng, báº¥t Ä‘á»™ng sáº£n\n* 8 'bá»‡nh nan y' cá»§a thá»‹ trÆ°á»ng báº¥t Ä‘á»™ng sáº£n\n* ÃŒ áº¡ch 3 nÄƒm, cao tá»‘c TP.HCM - Má»™c BÃ i Ä‘á»™i vá»‘n gáº§n 50%\n* NhÃ , Ä‘áº¥t bá»›t 'sá»‘t' nhÆ°ng giÃ¡ khÃ´ng giáº£m\nTÃ€I CHÃNH THáº¾ GIá»šI\n* Kho dá»± trá»¯ chiáº¿n lÆ°á»£c cá»§a Trung Quá»‘c cÃ³ gÃ¬?\n* Vaccine - â€œchÃ¬a khoÃ¡â€ Ä‘á»ƒ tháº¿ giá»›i thá»±c hiá»‡n má»¥c tiÃªu kÃ©p\n* â€œGiá» chÆ°a pháº£i lÃºc Fed tÃ­nh chuyá»‡n tháº¯t cháº·t chÃ­nh sÃ¡ch tiá»n tá»‡â€\n* Chá»‰ sá»‘ giÃ¡ sáº£n xuáº¥t Trung Quá»‘c tÄƒng máº¡nh 9% trong thÃ¡ng 7\n* CÃ¡c nÆ°á»›c ÄÃ´ng Nam Ã cÄƒng mÃ¬nh chá»‘ng chá»i Covid-19\n* Chuyá»‡n gÃ¬ xáº£y ra náº¿u giÃ¡ Bitcoin vá» 0?\nHÃ n ÄÃ´ng\nFILI\nCÃC KÃŠNH Äáº¦U TÆ¯\nGÃ³c nhÃ¬n 12/08: Dao Ä‘á»™ng quanh ngÆ°á»¡ng 1,350 Ä‘iá»ƒm?\n1 giá» trÆ°á»›c\nVÃ ng tháº¿ giá»›i tÄƒng nháº¹ trÆ°á»›c nghi ngá» vá» tÃ¡c Ä‘á»™ng kinh táº¿ cá»§a biáº¿n thá»ƒ Delta\n11/08/2021 08:41\nDáº§u khá»Ÿi sáº¯c, tÄƒng hÆ¡n 2%\n11/08/2021 08:20\nTop cá»• phiáº¿u Ä‘Ã¡ng chÃº Ã½ Ä‘áº§u phiÃªn 11/08\n11/08/2021 08:00\nXem thÃªm""]"
30,['Cá»• phiáº¿u báº¥t Ä‘á»™ng sáº£n nhá» vÃ  vá»«a cÃ³ tuáº§n hÃºt tiá»n máº¡nh'],"['Thanh khoáº£n há»“i phá»¥c máº¡nh trong tuáº§n giao dá»‹ch Ä‘áº§u thÃ¡ng 8, báº¥t Ä‘á»™ng sáº£n lÃ  nhÃ³m Ä‘Æ°á»£c dÃ²ng tiá»n Æ°u Ã¡i nhiá»u nháº¥t.\nMáº·c dÃ¹ giáº£m Ä‘iá»ƒm trong phiÃªn 06/08 song thá»‹ trÆ°á»ng chá»©ng khoÃ¡n Ä‘Ã£ cÃ³ chuá»—i tÄƒng Ä‘iá»ƒm tÃ­ch cá»±c trÆ°á»›c Ä‘Ã³. Thanh khoáº£n thá»‹ trÆ°á»ng theo Ä‘Ã³ cÅ©ng Ä‘Æ°á»£c cáº£i thiá»‡n. Tuáº§n 02 â€“ 06/08, VN-Index tÄƒng 2.4% lÃªn má»©c 1,341.45 Ä‘iá»ƒm, HNX-Index tÄƒng 3.4% lÃªn 325.46 Ä‘iá»ƒm. Khá»‘i lÆ°á»£ng vÃ  giÃ¡ trá»‹ giao dá»‹ch tÄƒng máº¡nh trÃªn cáº£ hai sÃ n HOSE vÃ  HNX.\nCá»¥ thá»ƒ, sÃ n HOSE Ä‘áº¡t khá»‘i lÆ°á»£ng giao dá»‹ch gáº§n 660 triá»‡u Ä‘Æ¡n vá»‹/phiÃªn, tÄƒng 26% so vá»›i tuáº§n trÆ°á»›c; giÃ¡ trá»‹ giao dá»‹ch tÄƒng gáº§n 22% lÃªn má»©c gáº§n 21 ngÃ n tá»· Ä‘á»“ng/phiÃªn. Trong khi Ä‘Ã³, HNX Ä‘áº¡t khá»‘i lÆ°á»£ng giao dá»‹ch 133.4 triá»‡u Ä‘Æ¡n vá»‹/phiÃªn, tÄƒng 50% so vá»›i tuáº§n trÆ°á»›c; giÃ¡ trá»‹ giao dá»‹ch bÃ¬nh quÃ¢n tÄƒng 54% lÃªn hÆ¡n 3.3 ngÃ n tá»· Ä‘á»“ng/phiÃªn.\nThanh khoáº£n thá»‹ trÆ°á»ng tuáº§n 02 - 06/08\n  DÃ²ng tiá»n tÃ­ch cá»±c cÃ²n thá»ƒ hiá»‡n á»Ÿ nhÃ³m cá»• phiáº¿u tÄƒng máº¡nh thanh khoáº£n trÃªn 2 sÃ n Ä‘á»u ghi nháº­n khá»‘i lÆ°á»£ng giao dá»‹ch tÄƒng báº±ng láº§n so vá»›i tuáº§n trÆ°á»›c.\nKhÃ³a há»c Online\nPHÃ‚N TÃCH Ká»¸ THUáº¬T NÃ‚NG CAO\n ğŸ’¡ Khai giáº£ng: 16/8/2021\n ğŸ’¡ Æ¯u Ä‘Ã£i lÃªn Ä‘áº¿n: 50%++          \nHotline: 0908 16 98 98\nğŸ‘‰ ÄÄ‚NG KÃ NGAY\nXÃ©t vá» nhÃ³m ngÃ nh, báº¥t Ä‘á»™ng sáº£n lÃ  nhÃ³m tÃ¢m Ä‘iá»ƒm trong tuáº§n qua, nháº¥t lÃ  nhÃ³m vá»‘n hÃ³a vá»«a vÃ  nhá». PTL ghi nháº­n khá»‘i lÆ°á»£ng giao dá»‹ch gáº¥p gáº§n 3 láº§n tuáº§n trÆ°á»›c lÃªn hÆ¡n 400,000 Ä‘Æ¡n vá»‹/phiÃªn. MÃ£ nÃ y ghi nháº­n chuá»—i tÄƒng tráº§n liÃªn tiáº¿p 12 phiÃªn tÃ­nh tá»« phiÃªn 16/07.\nCÃ¡c mÃ£ khÃ¡c nhÆ° FLG, TDC, CKG, DRH, VIC, BCG Ä‘á»u cÃ³ thanh khoáº£n gáº¥p hÆ¡n 2 láº§n so vá»›i tuáº§n trÆ°á»›c. GiÃ¡ cá»• phiáº¿u cÅ©ng theo Ä‘Ã³ tÄƒng máº¡nh.\nMá»™t sá»‘ cá»• phiáº¿u chá»©ng khoÃ¡n cÅ©ng cÃ³ tuáº§n hÃºt tiá»n trá»Ÿ láº¡i. FTS, TVB, VIG Ä‘á»“ng loáº¡t tÄƒng máº¡nh vá»›i khá»‘i lÆ°á»£ng giao dá»‹ch bÃ¬nh quÃ¢n gáº¥p nhiá»u láº§n trÆ°á»›c Ä‘Ã³. FTS tÄƒng giÃ¡ 16.5%, TVB tÄƒng gáº§n 17%, VIG tÄƒng gáº§n 24%.\nBÃªn cáº¡nh Ä‘Ã³, má»™t sá»‘ mÃ£ há» FLC nhÆ° HAI, AMD, KLF cÅ©ng hÃºt tiá»n máº¡nh.\nTuy nhiÃªn, nhÃ³m VN30 láº¡i bá»‹ rÃºt tiá»n trong tuáº§n qua. Nhiá»u Ä‘áº¡i diá»‡n cá»§a rá»• VN30 nhÆ° VCB, ACB, SAB, MSN, MWG, FPT, TPB cÃ³ tÃªn trong nhÃ³m cá»• phiáº¿u giáº£m máº¡nh thanh khoáº£n tuáº§n qua. Má»©c giáº£m khá»‘i lÆ°á»£ng giao dá»‹ch bÃ¬nh quÃ¢n vÃ o khoáº£ng 10 â€“ 30% so vá»›i tuáº§n trÆ°á»›c.\nDÃ²ng tiá»n á»Ÿ nhÃ³m ngÃ¢n hÃ ng cÅ©ng khÃ¡ tiÃªu cá»±c khi nhiá»u cá»• phiáº¿u thuá»™c nhÃ³m nÃ y ghi nháº­n thanh khoáº£n sá»¥t giáº£m.\nNhÃ³m bÃ¡n láº» cÅ©ng bá»‹ rÃºt tiá»n khi cÃ¡c mÃ£ lá»›n nhÆ° PNJ, FRT, MWG Ä‘á»u sá»¥t giáº£m thanh khoáº£n.\nTop 20 mÃ£ cÃ³ thanh khoáº£n tÄƒng/giáº£m cao nháº¥t sÃ n HOSE\nTop 20 mÃ£ cÃ³ thanh khoáº£n tÄƒng/giáº£m cao nháº¥t sÃ n HNX\n* Danh sÃ¡ch cÃ¡c mÃ£ tÄƒng, giáº£m thanh khoáº£n nhiá»u nháº¥t xÃ©t Ä‘áº¿n khá»‘i lÆ°á»£ng giao dá»‹ch bÃ¬nh quÃ¢n trÃªn 100,000 Ä‘Æ¡n vá»‹/phiÃªn.\nChÃ­ KiÃªn\nFILI\nCÃC KÃŠNH Äáº¦U TÆ¯\nGÃ³c nhÃ¬n 12/08: Dao Ä‘á»™ng quanh ngÆ°á»¡ng 1,350 Ä‘iá»ƒm?\n1 giá» trÆ°á»›c\nVÃ ng tháº¿ giá»›i tÄƒng nháº¹ trÆ°á»›c nghi ngá» vá» tÃ¡c Ä‘á»™ng kinh táº¿ cá»§a biáº¿n thá»ƒ Delta\n11/08/2021 08:41\nDáº§u khá»Ÿi sáº¯c, tÄƒng hÆ¡n 2%\n11/08/2021 08:20\nTop cá»• phiáº¿u Ä‘Ã¡ng chÃº Ã½ Ä‘áº§u phiÃªn 11/08\n11/08/2021 08:00\nXem thÃªm']"
